Diet,Physical_activity,Obese,BRCA1_father,Breast_cancer,BRCA1_mutation,Menopause,BRCA1_mother
Normal,Little,No,No,Yes,No,Before,No
Unhealthy,None,Moderate,No,No,No,After,No
Unhealthy,Regular,Severe,No,No,No,Before,No
Normal,None,Severe,No,Yes,No,After,No
Unhealthy,None,Severe,No,No,No,After,No
Normal,Regular,No,No,No,No,Before,No
Normal,None,No,No,No,No,Before,No
Normal,None,Severe,No,No,No,Before,No
Unhealthy,Regular,Severe,No,No,No,After,No
Normal,Regular,Moderate,No,No,No,Before,No
Normal,Regular,No,No,No,No,Before,No
Normal,Regular,No,No,No,No,Before,No
Unhealthy,Little,Severe,No,No,No,Before,No
Healthy,Regular,No,No,No,No,Before,No
Unhealthy,Regular,Severe,No,Yes,No,After,No
Normal,Little,No,No,No,No,After,No
Normal,Little,No,No,No,No,After,No
Unhealthy,None,Severe,No,No,No,Before,No
Healthy,Regular,No,No,No,No,Before,No
Normal,Regular,Moderate,No,Yes,No,After,No
Normal,None,Severe,No,No,No,Before,No
Normal,None,Severe,No,No,No,Before,No
Normal,None,No,No,Yes,No,After,No
Healthy,None,No,No,No,Yes,Before,No
Normal,Regular,No,No,No,No,Before,No
Normal,None,No,No,No,No,Before,No
Unhealthy,Regular,Severe,No,Yes,No,After,No
Healthy,None,No,No,No,No,Before,No
Healthy,None,No,No,No,No,Before,No
Normal,Little,No,No,No,No,Before,No
Healthy,Little,No,No,No,No,After,No
Normal,None,No,No,No,No,Before,No
Normal,Regular,No,No,No,No,After,No
Healthy,None,No,No,No,No,Before,No
Healthy,Regular,Moderate,No,Yes,No,After,No
Normal,None,No,No,No,No,After,No
Normal,Regular,No,No,No,No,Before,No
Unhealthy,None,Moderate,No,No,No,After,No
Normal,Regular,No,No,No,No,After,No
Normal,None,No,No,No,No,After,No
Normal,Regular,Moderate,No,Yes,No,After,No
Normal,None,No,No,Yes,No,Before,No
Normal,Regular,No,No,No,No,After,No
Normal,None,No,No,No,No,Before,No
Normal,Regular,No,No,Yes,No,Before,No
Normal,Regular,No,No,No,No,Before,No
Unhealthy,Regular,Moderate,No,No,No,Before,No
Healthy,Regular,No,No,No,No,Before,No
Unhealthy,None,Moderate,No,No,No,Before,No
Normal,None,Severe,No,No,No,Before,No
Unhealthy,Regular,No,No,No,No,Before,No
Normal,Little,No,No,No,No,After,No
Normal,None,Severe,No,No,No,Before,No
Healthy,Regular,No,No,No,No,After,No
Unhealthy,Little,Severe,No,No,No,Before,No
Unhealthy,None,Moderate,No,No,No,Before,No
Normal,Regular,No,No,No,No,Before,No
Normal,None,Severe,No,No,No,Before,No
Healthy,None,Moderate,No,No,No,Before,No
Unhealthy,Regular,No,No,Yes,No,Before,No
Normal,None,No,No,No,No,After,No
Normal,Little,Severe,No,No,No,Before,No
Unhealthy,Little,Severe,No,No,No,Before,No
Normal,Regular,No,No,No,No,Before,No
Normal,Little,Severe,No,No,No,Before,No
Normal,Regular,No,No,No,No,Before,No
Normal,None,Severe,No,No,No,Before,No
Normal,None,No,No,Yes,No,After,No
Normal,Little,Moderate,No,No,No,Before,No
Normal,None,No,No,Yes,No,After,No
Normal,None,No,No,No,No,Before,No
Unhealthy,Regular,No,No,Yes,No,Before,No
Unhealthy,None,Severe,No,No,No,Before,No
Normal,None,No,No,No,No,Before,No
Normal,Regular,No,No,No,No,Before,No
Normal,None,Severe,No,Yes,No,After,No
Unhealthy,None,Severe,No,No,No,Before,No
Unhealthy,Little,Severe,No,No,No,Before,No
Unhealthy,Regular,Severe,No,Yes,No,After,No
Healthy,None,Severe,No,No,No,Before,No
Healthy,None,Moderate,No,No,No,After,No
Healthy,None,No,No,No,No,Before,No
Normal,Regular,No,No,No,No,Before,No
Normal,Regular,No,No,No,No,Before,No
Healthy,Little,No,No,No,No,Before,No
Normal,None,Moderate,No,No,No,Before,No
Normal,Regular,No,No,Yes,No,After,No
Unhealthy,Little,Severe,No,No,No,Before,No
Healthy,Regular,No,No,No,No,Before,No
Normal,Regular,No,No,Yes,No,After,No
Healthy,Regular,No,No,No,No,After,No
Unhealthy,None,Severe,No,Yes,No,After,No
Unhealthy,None,Moderate,No,No,No,After,No
Normal,Regular,No,No,No,No,After,No
Normal,None,Moderate,No,No,No,Before,No
Normal,None,No,No,No,No,Before,No
Unhealthy,Little,Moderate,No,No,No,Before,No
Normal,Regular,No,No,No,No,Before,No
Normal,Regular,No,No,No,No,After,No
Normal,Regular,No,No,No,No,After,No
Unhealthy,Little,Severe,No,Yes,No,After,No
Normal,Regular,Severe,No,No,No,Before,No
Normal,None,No,No,Yes,Yes,After,No
Unhealthy,None,No,No,No,No,Before,No
Normal,Regular,Severe,No,Yes,No,After,No
Normal,Little,No,No,No,Yes,Before,No
Unhealthy,Regular,Moderate,No,No,No,Before,No
Normal,Little,No,No,No,No,Before,No
Unhealthy,None,Severe,No,No,No,Before,No
Unhealthy,Regular,Moderate,No,No,No,Before,No
Healthy,None,Moderate,No,No,No,Before,No
Unhealthy,Little,Moderate,No,No,No,Before,No
Normal,Little,No,No,Yes,No,After,No
Normal,Little,No,No,Yes,No,After,No
Unhealthy,Regular,No,No,No,No,Before,No
Unhealthy,Little,Severe,No,No,No,After,No
Unhealthy,None,Severe,No,No,No,Before,No
Unhealthy,Regular,Severe,No,Yes,No,After,No
Normal,None,Severe,No,Yes,No,After,No
Normal,Regular,No,No,No,No,After,No
Normal,Regular,No,No,No,No,After,No
Unhealthy,Regular,Moderate,No,Yes,Yes,Before,No
Healthy,None,Severe,No,No,No,Before,No
Unhealthy,Regular,Moderate,No,No,No,Before,No
Unhealthy,Regular,No,Yes,No,No,After,No
Unhealthy,Regular,Severe,No,Yes,No,After,No
Normal,None,No,No,No,No,After,No
Normal,Little,No,No,Yes,No,After,No
Unhealthy,None,Moderate,No,No,No,Before,No
Normal,None,No,No,No,No,Before,No
Unhealthy,None,Severe,No,No,No,After,No
Normal,Little,No,No,No,No,Before,No
Unhealthy,Regular,Moderate,No,No,No,Before,No
Unhealthy,Regular,No,No,No,No,Before,No
Normal,None,Moderate,No,No,No,Before,No
Normal,Little,No,No,No,No,Before,No
Healthy,None,No,No,No,No,Before,No
Unhealthy,Regular,Moderate,No,No,No,Before,No
Unhealthy,None,Severe,No,Yes,No,After,No
Normal,None,Moderate,No,Yes,No,After,No
Normal,None,Moderate,No,No,No,Before,No
Normal,None,No,No,No,No,Before,No
Unhealthy,None,Moderate,No,No,No,Before,No
Unhealthy,Regular,Severe,No,Yes,No,After,No
Healthy,Little,No,No,No,No,Before,No
Normal,Regular,No,No,No,No,After,No
Unhealthy,Regular,No,No,No,No,After,No
Normal,None,Moderate,No,No,No,Before,No
Unhealthy,None,Moderate,No,No,No,Before,No
Unhealthy,Regular,Moderate,No,No,No,Before,No
Normal,None,No,No,No,No,Before,No
Normal,Little,No,No,No,No,After,No
Normal,Regular,No,No,No,No,Before,No
Normal,Regular,No,No,No,No,Before,No
Normal,Regular,No,No,No,No,Before,No
Unhealthy,Regular,Moderate,No,No,No,Before,No
Normal,None,Moderate,No,No,No,Before,No
Normal,None,Severe,No,Yes,No,After,No
Unhealthy,Regular,Severe,No,No,No,Before,No
Healthy,Regular,No,No,No,No,Before,No
Normal,None,Severe,No,Yes,No,After,No
Unhealthy,None,Moderate,No,Yes,No,After,No
Healthy,Little,No,No,No,No,After,No
Normal,Regular,No,No,No,No,After,No
Unhealthy,None,No,No,No,No,After,No
Unhealthy,None,Severe,No,No,No,Before,No
Healthy,Regular,No,No,Yes,No,After,No
Normal,Regular,Moderate,No,No,No,Before,No
Healthy,None,Severe,No,No,No,Before,No
Healthy,Regular,No,No,No,No,Before,No
Unhealthy,None,No,No,No,No,Before,No
Healthy,Regular,No,No,No,No,After,No
Normal,None,Moderate,No,No,No,Before,No
Normal,None,No,No,No,No,Before,No
Unhealthy,None,Severe,No,No,No,Before,No
Normal,None,Moderate,No,No,No,After,No
Normal,None,No,No,No,No,Before,No
Unhealthy,Regular,Moderate,No,Yes,No,After,No
Normal,None,No,No,No,No,Before,No
Normal,None,No,No,No,No,Before,No
Normal,None,No,No,No,No,Before,No
Healthy,Little,Moderate,No,No,No,After,No
Normal,Regular,No,No,No,No,Before,No
Unhealthy,Regular,Severe,No,Yes,No,After,No
Normal,Regular,No,No,No,No,Before,No
Normal,Little,No,No,Yes,No,After,No
Normal,None,No,No,No,No,Before,No
Normal,Little,Severe,No,No,No,Before,No
Normal,Regular,No,No,No,No,Before,No
Healthy,None,No,No,No,No,After,No
Normal,Little,No,No,No,No,After,No
Normal,None,No,No,No,No,Before,No
Unhealthy,None,Severe,No,Yes,No,After,No
Normal,Regular,No,No,No,No,After,No
Unhealthy,None,Severe,No,No,No,Before,No
Normal,None,Severe,No,Yes,No,After,No
Unhealthy,None,Moderate,No,Yes,No,After,No
Normal,None,Moderate,No,No,No,After,No
Normal,Regular,No,No,Yes,No,Before,No
Normal,None,Moderate,No,No,No,Before,No
Unhealthy,None,Severe,No,No,No,After,No
Normal,Little,No,No,No,No,After,No
Normal,Regular,No,No,No,No,Before,No
Normal,None,Moderate,No,No,No,Before,No
Normal,None,Moderate,No,No,No,After,No
Normal,None,Severe,No,No,No,Before,No
Normal,Regular,No,No,No,No,After,No
Normal,None,Severe,No,No,No,After,No
Unhealthy,None,Severe,No,No,No,After,No
Unhealthy,Little,Severe,No,No,No,Before,No
Unhealthy,None,Moderate,No,Yes,No,After,No
Unhealthy,Regular,Severe,No,No,No,Before,No
Unhealthy,Little,Severe,No,No,No,Before,No
Normal,Regular,Severe,No,No,No,Before,No
Normal,None,Severe,No,No,No,Before,No
Normal,None,Moderate,No,No,No,Before,No
Normal,Regular,No,No,No,No,After,No
Normal,Regular,No,No,No,No,Before,No
Healthy,None,Severe,No,Yes,No,After,No
Unhealthy,Little,No,No,Yes,No,After,No
Unhealthy,Regular,Severe,No,No,No,Before,No
Unhealthy,Little,Severe,No,Yes,Yes,Before,No
Unhealthy,None,Severe,No,Yes,No,After,No
Normal,Little,No,No,No,No,Before,No
Normal,Regular,No,No,No,No,After,No
Unhealthy,Regular,Moderate,No,Yes,No,After,No
Normal,None,Severe,No,No,No,Before,No
Normal,Regular,No,No,No,No,Before,No
Normal,Regular,Moderate,No,No,No,After,No
Normal,Regular,Severe,No,Yes,No,After,No
Normal,None,No,No,Yes,Yes,After,No
Normal,None,No,No,No,No,Before,No
Unhealthy,None,Moderate,No,Yes,No,After,No
Unhealthy,None,Severe,No,No,No,Before,No
Normal,None,No,No,No,No,Before,No
Normal,Regular,No,No,No,No,After,No
Healthy,None,No,No,No,No,After,No
Unhealthy,Little,Severe,No,Yes,No,After,No
Unhealthy,Little,Severe,No,Yes,No,After,No
Normal,None,Moderate,No,Yes,No,After,No
Normal,None,Moderate,No,No,No,Before,No
Unhealthy,Little,Severe,No,Yes,No,After,No
Normal,Regular,No,No,No,No,After,No
Normal,Regular,Moderate,No,No,No,Before,No
Normal,None,No,No,No,No,Before,No
Unhealthy,None,Severe,No,No,No,Before,No
Unhealthy,Regular,No,No,Yes,No,After,No
Normal,None,Severe,No,Yes,No,After,No
Unhealthy,Regular,Severe,No,No,No,After,No
Normal,None,No,No,No,No,After,No
Unhealthy,Regular,No,No,No,No,Before,No
Normal,Regular,No,No,Yes,No,After,No
Normal,Regular,No,No,No,No,Before,No
Normal,Regular,No,No,No,No,After,No
Unhealthy,Regular,Moderate,No,Yes,No,After,No
Unhealthy,None,No,No,No,No,Before,No
Normal,Regular,Moderate,No,No,No,Before,No
Unhealthy,Regular,No,No,No,No,Before,No
Unhealthy,None,Severe,No,Yes,No,After,No
Unhealthy,Regular,Severe,No,No,No,Before,No
Normal,None,No,No,No,No,After,No
Normal,None,No,No,No,No,After,No
Normal,Regular,Moderate,No,No,No,Before,No
Normal,None,No,No,No,No,Before,No
Healthy,Regular,No,No,No,No,After,No
Normal,Regular,No,No,No,No,Before,No
Normal,None,No,No,No,No,Before,No
Normal,Regular,No,No,No,No,Before,No
Unhealthy,None,Severe,No,No,No,Before,No
Normal,None,No,No,Yes,No,After,No
Normal,Regular,Severe,No,Yes,No,After,No
Normal,Regular,No,No,No,No,After,No
Healthy,None,No,No,Yes,No,Before,No
Unhealthy,None,Moderate,No,No,No,After,No
Normal,Little,Moderate,No,Yes,No,After,Yes
Normal,None,No,No,No,No,Before,No
Unhealthy,None,Moderate,No,No,No,After,No
Normal,None,No,No,No,No,Before,No
Unhealthy,None,Moderate,No,No,No,Before,No
Unhealthy,Regular,No,No,No,No,After,No
Healthy,None,No,No,No,No,After,No
Normal,None,Severe,No,Yes,No,After,No
Unhealthy,None,Severe,No,No,No,Before,No
Normal,None,No,No,Yes,No,After,No
Normal,None,Moderate,No,Yes,No,After,No
Normal,Little,No,No,No,No,After,No
Normal,Regular,No,No,No,No,After,No
Healthy,Regular,No,No,No,No,After,No
Normal,None,Severe,No,No,No,Before,No
Healthy,None,No,No,No,No,Before,No
Normal,None,Moderate,No,No,No,Before,No
Normal,Regular,No,No,Yes,Yes,After,No
Unhealthy,None,Severe,No,Yes,No,After,No
Healthy,None,No,No,No,No,Before,No
Healthy,None,No,No,No,No,Before,No
Unhealthy,None,Severe,No,No,No,After,No
Normal,Regular,No,No,No,No,Before,No
Healthy,Little,Severe,No,No,No,Before,No
Unhealthy,Regular,No,No,Yes,No,After,No
Unhealthy,Little,No,No,No,No,Before,No
Normal,Regular,No,No,No,No,Before,No
Normal,Regular,No,No,No,No,After,No
Healthy,Regular,No,No,No,No,After,No
Unhealthy,None,No,No,No,No,After,No
Healthy,Little,No,No,No,No,Before,No
Unhealthy,Regular,Moderate,No,Yes,No,After,No
Unhealthy,Regular,Severe,No,No,No,Before,No
Unhealthy,Little,Moderate,No,Yes,No,After,No
Normal,None,Moderate,No,Yes,No,After,No
Normal,Little,No,No,No,No,Before,No
Normal,Regular,No,No,No,No,Before,No
Unhealthy,Regular,Moderate,No,Yes,No,Before,No
Normal,Little,Moderate,No,No,No,Before,No
Unhealthy,Little,Severe,No,No,No,After,No
Normal,Little,No,No,Yes,No,After,No
Healthy,Regular,No,No,No,No,Before,No
Normal,Regular,No,No,No,No,Before,No
Unhealthy,Regular,Severe,No,No,No,Before,No
Unhealthy,None,Severe,No,No,No,Before,No
Normal,Little,No,No,No,No,Before,No
Unhealthy,Regular,No,No,No,No,Before,No
Unhealthy,None,Severe,No,Yes,No,After,No
Normal,Regular,Severe,No,No,No,Before,No
Normal,Regular,Moderate,No,No,No,Before,No
Unhealthy,None,Severe,No,Yes,No,After,No
Normal,Regular,No,No,No,No,After,No
Normal,None,No,No,No,No,Before,No
Unhealthy,Little,Severe,No,No,No,Before,No
Normal,Little,Moderate,No,Yes,No,After,No
Normal,None,Severe,No,No,No,Before,No
Normal,Regular,No,No,No,No,Before,No
Unhealthy,None,Severe,No,No,No,After,No
Healthy,None,No,No,No,No,Before,No
Healthy,Little,No,No,No,No,After,No
Normal,None,No,No,No,No,After,No
Normal,None,Moderate,No,No,No,Before,No
Normal,Little,No,No,No,No,After,No
Unhealthy,None,Moderate,No,No,No,Before,No
Normal,Regular,No,No,No,No,After,No
Normal,None,Moderate,No,No,No,Before,No
Normal,None,Severe,No,No,No,Before,No
Unhealthy,None,Moderate,No,No,No,Before,No
Normal,None,Moderate,No,No,No,Before,No
Unhealthy,None,Severe,No,No,No,Before,No
Normal,Regular,No,No,No,No,Before,No
Normal,Little,No,No,No,No,Before,No
Healthy,None,No,No,No,No,Before,No
Unhealthy,Regular,Moderate,No,Yes,No,After,No
Normal,None,No,No,No,No,Before,No
Normal,None,No,No,Yes,No,After,No
Unhealthy,Regular,No,No,No,No,Before,No
Unhealthy,Regular,Moderate,No,No,No,Before,No
Unhealthy,Regular,No,No,No,No,Before,No
Healthy,None,No,No,No,No,Before,No
Unhealthy,Regular,Severe,No,No,No,Before,No
Unhealthy,Little,Severe,No,No,No,Before,No
Normal,Little,Moderate,No,No,No,After,No
Normal,None,Severe,No,Yes,No,After,No
Unhealthy,Little,Severe,No,No,No,Before,No
Unhealthy,Regular,Moderate,No,Yes,Yes,Before,No
Normal,None,Moderate,No,No,No,After,No
Healthy,None,No,No,No,No,After,No
Healthy,None,Severe,No,Yes,No,After,No
Unhealthy,Regular,Moderate,No,No,No,Before,No
Normal,Little,Moderate,No,No,No,Before,No
Normal,None,Severe,No,No,No,Before,No
Healthy,None,Moderate,No,No,No,Before,No
Unhealthy,Regular,No,No,No,No,Before,No
Normal,Regular,No,No,No,No,After,No
Healthy,None,No,No,No,No,After,No
Unhealthy,None,Severe,No,Yes,No,After,No
Normal,None,No,No,No,No,Before,No
Unhealthy,None,Severe,No,No,No,Before,No
Healthy,Regular,No,No,No,No,Before,No
Unhealthy,Regular,No,No,No,No,Before,No
Healthy,Regular,No,No,No,No,After,No
Healthy,Regular,Moderate,No,No,No,Before,No
Normal,None,Moderate,No,Yes,Yes,After,No
Normal,None,No,No,Yes,No,Before,No
Unhealthy,None,Moderate,No,No,No,After,No
Unhealthy,None,Severe,No,No,No,Before,No
Unhealthy,None,Moderate,No,No,No,Before,No
Normal,Regular,No,No,No,No,After,No
Normal,Regular,Moderate,No,No,No,After,No
Normal,None,No,No,No,No,Before,No
Normal,None,Moderate,No,No,No,Before,No
Unhealthy,Regular,No,No,Yes,No,After,No
Normal,None,No,No,No,No,Before,No
Normal,None,No,No,No,No,After,No
Unhealthy,Regular,No,No,No,No,After,No
Unhealthy,Regular,Severe,No,No,No,Before,No
Normal,None,Severe,No,No,No,Before,No
Normal,Little,No,No,No,No,After,No
Healthy,None,Severe,No,Yes,No,After,No
Normal,None,Moderate,No,No,No,Before,No
Normal,None,No,No,No,No,Before,No
Normal,None,No,No,No,No,Before,No
Normal,None,No,No,No,No,After,No
Normal,Little,No,No,No,No,Before,No
Unhealthy,Regular,No,No,No,No,Before,No
Normal,None,No,No,No,No,After,No
Healthy,Little,No,No,No,No,After,No
Unhealthy,None,Moderate,No,No,No,After,No
Unhealthy,Regular,Moderate,No,No,No,Before,No
Healthy,Regular,No,No,No,No,After,No
Normal,Regular,Moderate,No,No,No,Before,No
Unhealthy,None,Severe,No,No,No,Before,No
Healthy,None,Severe,No,No,No,Before,No
Unhealthy,None,Severe,No,No,No,Before,No
Unhealthy,None,Severe,No,No,No,Before,No
Unhealthy,Regular,Moderate,No,No,No,Before,No
Normal,None,No,No,No,No,Before,No
Normal,None,No,No,No,No,Before,No
Unhealthy,Regular,Moderate,No,No,No,After,No
Unhealthy,Regular,Moderate,No,No,No,Before,No
Unhealthy,None,Severe,No,Yes,No,After,No
Unhealthy,Regular,No,No,No,No,After,No
Healthy,Little,No,No,No,No,Before,No
Normal,None,Severe,No,No,No,Before,No
Unhealthy,None,Moderate,No,No,No,Before,No
Normal,Little,No,No,No,No,Before,No
Unhealthy,Regular,Severe,No,No,No,Before,No
Unhealthy,None,Moderate,No,Yes,No,After,No
Healthy,Little,No,No,No,No,After,No
Unhealthy,Little,Severe,No,Yes,No,After,No
Unhealthy,None,Severe,No,No,No,After,No
Normal,Little,No,No,No,No,Before,No
Normal,Little,No,No,No,No,After,No
Normal,Regular,No,No,No,No,After,No
Normal,Regular,No,No,Yes,No,After,No
Normal,Little,No,No,No,No,Before,No
Normal,None,No,No,No,No,Before,No
Normal,None,No,No,No,No,After,No
Normal,Regular,No,No,Yes,No,After,No
Healthy,Regular,Moderate,No,No,No,Before,No
Normal,Regular,No,No,No,No,Before,No
Normal,None,Severe,No,No,No,After,No
Unhealthy,None,Severe,No,Yes,No,After,No
Unhealthy,Little,Severe,No,No,No,Before,No
Normal,Regular,No,No,Yes,No,After,No
Normal,Regular,No,No,No,No,Before,No
Normal,None,Moderate,No,No,No,After,No
Unhealthy,Little,No,No,No,No,Before,No
Healthy,Regular,No,No,No,No,Before,No
Normal,None,No,No,No,No,After,No
Unhealthy,Regular,Severe,No,Yes,No,After,No
Unhealthy,None,Severe,No,No,No,After,No
Unhealthy,None,Severe,No,Yes,No,After,No
Healthy,Little,Severe,No,No,No,After,No
Unhealthy,Regular,Severe,No,No,No,Before,No
Normal,None,Moderate,No,No,No,Before,No
Normal,Regular,Severe,No,No,No,Before,No
Normal,Regular,No,No,No,No,Before,No
Normal,Regular,No,No,Yes,No,After,No
Normal,Regular,No,No,No,No,After,No
Healthy,Regular,No,No,No,No,After,No
Unhealthy,None,Severe,No,No,No,Before,No
Unhealthy,Regular,No,No,Yes,No,After,No
Unhealthy,Little,No,No,No,No,Before,No
Healthy,None,Severe,No,No,No,Before,No
Unhealthy,Little,Severe,No,Yes,No,After,No
Unhealthy,Regular,No,No,No,No,Before,No
Normal,None,No,No,No,No,After,No
Normal,Little,No,No,No,No,Before,No
Unhealthy,None,Severe,No,No,No,After,No
Unhealthy,None,Severe,No,Yes,No,After,No
Normal,Little,Severe,No,Yes,No,After,No
Unhealthy,Little,Moderate,No,No,No,Before,No
Unhealthy,None,Severe,No,No,No,Before,No
Normal,None,Severe,No,No,No,Before,No
Normal,None,Moderate,No,Yes,No,Before,No
Unhealthy,None,Severe,No,Yes,No,After,No
Normal,Little,Moderate,No,No,No,Before,No
Normal,None,No,No,Yes,No,After,No
Unhealthy,Little,Severe,No,No,No,After,No
Unhealthy,Regular,No,No,No,No,Before,No
Healthy,None,No,No,No,No,Before,No
Normal,None,Moderate,No,No,No,Before,No
Unhealthy,Regular,Moderate,No,No,No,Before,No
Unhealthy,None,Severe,No,No,No,After,No
Normal,None,No,No,No,No,Before,No
Normal,None,No,No,No,No,After,No
Normal,None,Moderate,No,No,No,Before,No
Unhealthy,None,Severe,No,No,No,Before,No
Unhealthy,Regular,No,No,No,No,After,No
Normal,Regular,Moderate,No,No,No,Before,No
Normal,Little,No,No,No,No,Before,No
Normal,None,No,No,No,No,Before,No
Normal,Regular,No,No,No,No,Before,No
Normal,Little,No,No,No,No,Before,No
Normal,None,No,No,No,No,After,No
Normal,Regular,No,No,No,No,Before,No
Normal,Regular,No,No,No,No,Before,No
Unhealthy,Regular,Moderate,No,No,No,Before,No
Normal,Regular,Moderate,No,No,No,After,No
Healthy,Little,Moderate,No,No,No,Before,No
Normal,None,No,No,No,No,Before,No
Normal,Little,Moderate,No,No,No,After,No
Normal,Little,Moderate,No,No,No,Before,No
Normal,None,Moderate,No,No,No,Before,No
